"Name","PageCount","URL","SubNum","IsDownLoad","Status","DateTime","Num"
第32话前篇,16,http://www.manhuagui.com/comic/15539/415893.html,415893,0,未下載,,15539
第31话再见…,17,http://www.manhuagui.com/comic/15539/403049.html,403049,1,已下載,2019-02-25 11:25:24,15539
第30回后篇,19,http://www.manhuagui.com/comic/15539/392365.html,392365,0,未下載,,15539
第30回前篇,14,http://www.manhuagui.com/comic/15539/384229.html,384229,0,未下載,,15539
第29回后篇,17,http://www.manhuagui.com/comic/15539/377400.html,377400,0,未下載,,15539
第29回前篇,14,http://www.manhuagui.com/comic/15539/375104.html,375104,0,未下載,,15539
第28回后篇,16,http://www.manhuagui.com/comic/15539/359335.html,359335,0,未下載,,15539
第28回前篇,14,http://www.manhuagui.com/comic/15539/356577.html,356577,0,未下載,,15539
第27回后篇,16,http://www.manhuagui.com/comic/15539/349416.html,349416,0,未下載,,15539
第27回前篇,15,http://www.manhuagui.com/comic/15539/345429.html,345429,0,未下載,,15539
第26回流氓…,19,http://www.manhuagui.com/comic/15539/336840.html,336840,0,未下載,,15539
第25回后篇,17,http://www.manhuagui.com/comic/15539/324143.html,324143,0,未下載,,15539
第25回前篇,14,http://www.manhuagui.com/comic/15539/324142.html,324142,0,未下載,,15539
第24回后篇,16,http://www.manhuagui.com/comic/15539/317320.html,317320,0,未下載,,15539
第24回前篇,15,http://www.manhuagui.com/comic/15539/314281.html,314281,0,未下載,,15539
第23回后篇,20,http://www.manhuagui.com/comic/15539/310354.html,310354,0,未下載,,15539
第23回前篇,16,http://www.manhuagui.com/comic/15539/308418.html,308418,0,未下載,,15539
第22回后篇,20,http://www.manhuagui.com/comic/15539/305908.html,305908,0,未下載,,15539
第22回前篇,18,http://www.manhuagui.com/comic/15539/299204.html,299204,0,未下載,,15539
第21回后篇,17,http://www.manhuagui.com/comic/15539/292443.html,292443,0,未下載,,15539
第21回前篇,14,http://www.manhuagui.com/comic/15539/289655.html,289655,0,未下載,,15539
第20回后篇,17,http://www.manhuagui.com/comic/15539/277488.html,277488,0,未下載,,15539
第20回前篇,14,http://www.manhuagui.com/comic/15539/274666.html,274666,0,未下載,,15539
第19回后篇,7,http://www.manhuagui.com/comic/15539/271098.html,271098,0,未下載,,15539
第19回中篇,12,http://www.manhuagui.com/comic/15539/269755.html,269755,0,未下載,,15539
第19回前篇,14,http://www.manhuagui.com/comic/15539/266172.html,266172,0,未下載,,15539
第18回后篇,16,http://www.manhuagui.com/comic/15539/262878.html,262878,0,未下載,,15539
第18回前篇,15,http://www.manhuagui.com/comic/15539/260106.html,260106,0,未下載,,15539
第17回后篇,16,http://www.manhuagui.com/comic/15539/253329.html,253329,0,未下載,,15539
第17回前篇,16,http://www.manhuagui.com/comic/15539/250691.html,250691,0,未下載,,15539
第16回后篇,17,http://www.manhuagui.com/comic/15539/243008.html,243008,0,未下載,,15539
第16回前篇,14,http://www.manhuagui.com/comic/15539/240228.html,240228,0,未下載,,15539
第15回后篇,17,http://www.manhuagui.com/comic/15539/234435.html,234435,0,未下載,,15539
第15回前篇,17,http://www.manhuagui.com/comic/15539/231351.html,231351,0,未下載,,15539
第14回后篇,17,http://www.manhuagui.com/comic/15539/224208.html,224208,0,未下載,,15539
第14回前篇,16,http://www.manhuagui.com/comic/15539/221914.html,221914,0,未下載,,15539
第13回（后…,17,http://www.manhuagui.com/comic/15539/217721.html,217721,0,未下載,,15539
第13回（前…,14,http://www.manhuagui.com/comic/15539/216664.html,216664,0,未下載,,15539
第12回（后…,17,http://www.manhuagui.com/comic/15539/209257.html,209257,0,未下載,,15539
第12回（前…,13,http://www.manhuagui.com/comic/15539/207699.html,207699,0,未下載,,15539
第11回（后…,17,http://www.manhuagui.com/comic/15539/200854.html,200854,0,未下載,,15539
第11回（前…,14,http://www.manhuagui.com/comic/15539/198748.html,198748,0,未下載,,15539
第10回后篇,17,http://www.manhuagui.com/comic/15539/195793.html,195793,0,未下載,,15539
第10回前篇,14,http://www.manhuagui.com/comic/15539/194419.html,194419,0,未下載,,15539
第09回（后…,15,http://www.manhuagui.com/comic/15539/192683.html,192683,0,未下載,,15539
第09回（前…,16,http://www.manhuagui.com/comic/15539/190507.html,190507,0,未下載,,15539
第08回（后…,15,http://www.manhuagui.com/comic/15539/187265.html,187265,0,未下載,,15539
第08回（前…,16,http://www.manhuagui.com/comic/15539/185915.html,185915,0,未下載,,15539
第07回,31,http://www.manhuagui.com/comic/15539/185772.html,185772,0,未下載,,15539
第06回（后…,17,http://www.manhuagui.com/comic/15539/179148.html,179148,0,未下載,,15539
第06回（前…,13,http://www.manhuagui.com/comic/15539/177963.html,177963,0,未下載,,15539
第05回（后…,15,http://www.manhuagui.com/comic/15539/173754.html,173754,0,未下載,,15539
第05回（前…,14,http://www.manhuagui.com/comic/15539/172170.html,172170,0,未下載,,15539
第04回（后…,14,http://www.manhuagui.com/comic/15539/170903.html,170903,0,未下載,,15539
第04回（前…,16,http://www.manhuagui.com/comic/15539/170902.html,170902,0,未下載,,15539
第03回（后…,15,http://www.manhuagui.com/comic/15539/166603.html,166603,0,未下載,,15539
第03回（前…,15,http://www.manhuagui.com/comic/15539/164806.html,164806,0,未下載,,15539
第02回（后…,12,http://www.manhuagui.com/comic/15539/162162.html,162162,0,未下載,,15539
第02回（前…,17,http://www.manhuagui.com/comic/15539/158413.html,158413,0,未下載,,15539
第01回,32,http://www.manhuagui.com/comic/15539/156463.html,156463,0,未下載,,15539
特别访谈,4,http://www.manhuagui.com/comic/15539/207333.html,207333,0,未下載,,15539
